车型ID,来源包,尺寸单位,长度_m,宽度_m,高度_m,最大速度_raw,加速度_raw,制动_raw,转向_raw,容量,尺寸等级,维护需求,燃料消耗,电力消耗,质量
bus-01-a,Player.bundle,固定点/1024 = 米,10.06,3.071,3.699,4096,350,256,32768,10,2,360,75,0,50
bus-01-b,Player.bundle,固定点/1024 = 米,6.593,2.386,3.662,4096,350,256,32768,10,2,0,0,0,50
bus-02,Player.bundle,固定点/1024 = 米,10.813,3.435,4.631,4096,350,256,32768,30,3,420,100,0,60
bus-03,Player.bundle,固定点/1024 = 米,8.223,2.358,3.015,4096,450,256,32768,10,1,300,50,0,70
bus-04,X01.bundle,固定点/1024 = 米,9.31,2.688,2.869,4096,450,256,32768,18,2,300,60,0,65
bus-05,X02.bundle,固定点/1024 = 米,10.159,2.92,2.923,4096,400,256,32768,22,2,450,90,0,95
bus-06,X02.bundle,固定点/1024 = 米,12.345,3.047,2.973,4096,400,256,32768,28,3,510,110,0,75
bus-07-a,X02.bundle,固定点/1024 = 米,7.086,3.351,2.779,4096,400,256,32768,12,2,360,80,0,80
bus-07-b,X02.bundle,固定点/1024 = 米,6.662,3.351,2.779,4096,400,256,32768,12,2,0,0,0,80
bus-08,X02.bundle,固定点/1024 = 米,11.167,3.256,4.023,4096,300,256,32768,32,3,390,95,0,65
bus-09,X02.bundle,固定点/1024 = 米,10.306,2.692,3.104,4096,400,256,32768,16,2,330,55,0,80
bus-10,X06.bundle,固定点/1024 = 米,11.069,2.972,3.046,4096,400,256,32768,18,2,300,55,0,70
bus-11,X06.bundle,固定点/1024 = 米,11.794,3.201,3.482,4096,450,256,32768,26,3,270,105,0,70
bus-12,X07.bundle,固定点/1024 = 米,11.81,3.07,3.553,4096,425,256,32768,20,2,360,80,0,70
bus-13,X07.bundle,固定点/1024 = 米,10.83,2.714,3.251,4096,450,256,32768,20,2,270,110,0,80
bus-14-a,X08.bundle,固定点/1024 = 米,9.928,3.032,3.156,4096,600,256,32768,15,2,300,70,0,60
bus-14-b,X08.bundle,固定点/1024 = 米,6.763,2.494,3.156,4096,600,256,32768,5,2,0,0,0,50
bus-15-a,X08.bundle,固定点/1024 = 米,10.456,3.146,3.084,4096,450,256,32768,19,3,540,50,0,50
bus-15-b,X08.bundle,固定点/1024 = 米,8.638,2.582,3.084,4096,450,256,32768,10,2,0,0,0,50
bus-16-a,X08.bundle,固定点/1024 = 米,10.65,3.105,3.319,4096,300,256,32768,15,3,360,60,0,70
bus-16-b,X08.bundle,固定点/1024 = 米,7.737,2.6,3.285,4096,300,256,32768,10,2,0,0,0,50
bus-17-a,X09.bundle,固定点/1024 = 米,10.389,3.613,3.121,4096,300,256,32768,13,3,330,60,0,60
bus-17-b,X09.bundle,固定点/1024 = 米,9.191,2.621,3.23,4096,300,256,32768,13,2,0,0,0,50
bus-18,X09.bundle,固定点/1024 = 米,11.306,3.179,4.39,4096,450,256,32768,35,3,480,110,0,90
metro-01-a,Player.bundle,固定点/1024 = 米,21.668,3.314,3.956,8192,450,512,32768,30,3,1200,0,450,70
metro-01-b,Player.bundle,固定点/1024 = 米,18.891,3.315,3.956,8192,450,512,32768,30,2,0,0,0,70
metro-01-c,Player.bundle,固定点/1024 = 米,18.719,3.315,3.956,8192,450,512,32768,30,2,0,0,0,70
metro-02-a,Player.bundle,固定点/1024 = 米,14.5,2.835,3.5,8192,600,512,32768,15,1,900,0,400,50
metro-02-b,Player.bundle,固定点/1024 = 米,13.499,2.835,3.5,8192,600,512,32768,15,2,0,0,0,50
metro-02-c,Player.bundle,固定点/1024 = 米,14.249,2.835,3.5,8192,600,512,32768,15,2,0,0,0,50
metro-03-control,X11.bundle,固定点/1024 = 米,9.607,2.717,3.112,8192,500,512,32768,15,4,120,0,60,50
metro-03-power,X11.bundle,固定点/1024 = 米,9.0,2.525,3.228,8192,500,512,32768,20,5,300,0,190,50
metro-03-trailer,X11.bundle,固定点/1024 = 米,9.0,2.525,2.999,8192,500,512,32768,20,6,90,0,30,50
metro-04-control,X11.bundle,固定点/1024 = 米,10.317,2.72,3.108,8192,475,512,32768,11,4,120,0,50,60
metro-04-power,X11.bundle,固定点/1024 = 米,9.621,2.72,3.231,8192,475,512,32768,15,5,330,0,145,60
metro-04-trailer,X11.bundle,固定点/1024 = 米,9.637,2.72,3.108,8192,475,512,32768,15,6,90,0,25,60
metro-05-control,X11.bundle,固定点/1024 = 米,12.057,2.722,2.999,8192,550,512,32768,10,4,90,0,50,80
metro-05-power,X11.bundle,固定点/1024 = 米,12.044,2.49,3.14,8192,550,512,32768,13,5,270,0,155,80
metro-05-trailer,X11.bundle,固定点/1024 = 米,12.044,2.49,2.999,8192,550,512,32768,13,6,90,0,25,80
metro-06-control,X11.bundle,固定点/1024 = 米,10.929,2.75,3.232,8192,500,512,32768,8,4,120,0,45,100
metro-06-power,X11.bundle,固定点/1024 = 米,9.796,2.75,3.432,8192,500,512,32768,11,5,240,0,160,100
metro-06-trailer,X11.bundle,固定点/1024 = 米,9.796,2.75,3.232,8192,500,512,32768,11,6,90,0,22,100
metro-07-control,X11.bundle,固定点/1024 = 米,12.228,2.8,3.536,8192,600,512,32768,6,4,90,0,40,70
metro-07-power,X11.bundle,固定点/1024 = 米,11.675,2.8,3.517,8192,600,512,32768,8,5,240,0,120,70
metro-07-trailer,X11.bundle,固定点/1024 = 米,11.675,2.8,3.415,8192,600,512,32768,8,6,60,0,20,70
metro-08-a,X08.bundle,固定点/1024 = 米,18.251,3.185,3.657,8192,575,512,32768,16,2,1020,0,350,60
metro-08-b,X08.bundle,固定点/1024 = 米,15.988,3.185,3.657,8192,575,512,32768,16,2,0,0,0,50
metro-08-c,X08.bundle,固定点/1024 = 米,18.251,3.185,3.657,8192,575,512,32768,16,2,0,0,0,50
metro-09-a,X09.bundle,固定点/1024 = 米,15.899,2.601,3.372,8192,475,512,32768,16,2,1050,0,400,60
metro-09-b,X09.bundle,固定点/1024 = 米,14.999,2.601,3.372,8192,475,512,32768,16,2,0,0,0,50
metro-09-c,X09.bundle,固定点/1024 = 米,15.899,2.601,3.372,8192,475,512,32768,16,2,0,0,0,50
metro-10-a,X09.bundle,固定点/1024 = 米,18.15,2.6,3.801,8192,575,512,32768,18,2,1800,0,650,65
metro-10-b,X09.bundle,固定点/1024 = 米,15.996,2.6,3.801,8192,575,512,32768,18,2,0,0,0,50
metro-10-c,X09.bundle,固定点/1024 = 米,18.15,2.6,3.801,8192,575,512,32768,18,2,0,0,0,50
monorail-01-a,X13.bundle,固定点/1024 = 米,7.452,2.496,2.535,8192,300,512,32768,6,3,390,0,150,65
monorail-01-b,X13.bundle,固定点/1024 = 米,7.038,2.495,2.535,8192,300,512,32768,6,3,0,0,0,65
monorail-01-c,X13.bundle,固定点/1024 = 米,7.452,2.496,2.535,8192,300,512,32768,6,3,0,0,0,65
monorail-02-a,X13.bundle,固定点/1024 = 米,7.0,2.48,2.891,8192,350,512,32768,7,2,450,0,80,75
monorail-02-b,X13.bundle,固定点/1024 = 米,6.857,2.419,2.641,8192,350,512,32768,8,2,0,0,0,75
monorail-02-c,X13.bundle,固定点/1024 = 米,7.0,2.48,2.891,8192,350,512,32768,7,2,0,0,0,75
monorail-03-a,X13.bundle,固定点/1024 = 米,7.082,2.404,3.184,8192,375,512,32768,7,2,510,0,100,100
monorail-03-b,X13.bundle,固定点/1024 = 米,5.204,2.284,3.184,8192,375,512,32768,7,2,0,0,0,100
monorail-03-c,X13.bundle,固定点/1024 = 米,7.082,2.404,3.184,8192,375,512,32768,7,2,0,0,0,100
monorail-04-a,X13.bundle,固定点/1024 = 米,6.8,2.446,3.208,8192,450,512,32768,7,1,360,0,160,65
monorail-04-b,X13.bundle,固定点/1024 = 米,5.983,2.446,3.208,8192,450,512,32768,8,1,0,0,0,65
monorail-04-c,X13.bundle,固定点/1024 = 米,6.8,2.446,3.208,8192,450,512,32768,7,1,0,0,0,65
monorail-05-a,X13.bundle,固定点/1024 = 米,6.174,2.544,3.278,8192,500,512,32768,6,1,600,0,140,90
monorail-05-b,X13.bundle,固定点/1024 = 米,4.64,2.544,3.278,8192,500,512,32768,8,1,0,0,0,90
monorail-05-c,X13.bundle,固定点/1024 = 米,6.174,2.544,3.278,8192,500,512,32768,6,1,0,0,0,90
tram-01-a,Player.bundle,固定点/1024 = 米,7.459,3.214,3.545,4096,350,256,16384,8,3,600,0,160,60
tram-01-b,Player.bundle,固定点/1024 = 米,6.799,2.399,3.258,4096,350,256,16384,8,2,0,0,0,60
tram-01-c,Player.bundle,固定点/1024 = 米,4.301,2.4,5.356,4096,350,256,16384,8,2,0,0,0,60
tram-01-d,Player.bundle,固定点/1024 = 米,6.667,3.214,3.545,4096,350,256,16384,8,2,0,0,0,60
tram-02-a,Player.bundle,固定点/1024 = 米,7.547,2.475,3.124,4096,450,256,16384,6,2,540,0,150,70
tram-02-b,Player.bundle,固定点/1024 = 米,4.186,2.405,5.359,4096,450,256,16384,6,2,0,0,0,70
tram-02-c,Player.bundle,固定点/1024 = 米,7.511,2.405,3.125,4096,450,256,16384,6,2,0,0,0,70
tram-02-d,Player.bundle,固定点/1024 = 米,7.047,2.475,3.125,4096,450,256,16384,6,2,0,0,0,70
tram-03-a,Player.bundle,固定点/1024 = 米,7.911,2.748,3.039,4096,450,256,16384,8,1,480,0,100,50
tram-03-b,Player.bundle,固定点/1024 = 米,4.293,2.5,5.0,4096,450,256,16384,4,2,0,0,0,50
tram-03-c,Player.bundle,固定点/1024 = 米,7.303,2.748,3.039,4096,450,256,16384,8,2,0,0,0,50
tram-04-a-l,X01.bundle,固定点/1024 = 米,13.142,2.628,3.149,4096,400,256,16384,12,3,600,0,170,85
tram-04-a-m,X01.bundle,固定点/1024 = 米,13.142,2.628,3.149,4096,400,256,16384,12,2,480,0,130,85
tram-04-b,X01.bundle,固定点/1024 = 米,3.641,2.583,4.964,4096,400,256,16384,4,2,0,0,0,85
tram-04-c,X01.bundle,固定点/1024 = 米,10.126,2.583,3.149,4096,400,256,16384,12,2,0,0,0,85
tram-04-d,X01.bundle,固定点/1024 = 米,3.641,2.583,3.149,4096,400,256,16384,4,2,0,0,0,85
tram-04-e,X01.bundle,固定点/1024 = 米,12.847,2.628,3.149,4096,400,256,16384,12,2,0,0,0,85
tram-05-a,X03.bundle,固定点/1024 = 米,7.278,2.519,2.964,4096,300,256,16384,9,3,630,0,150,65
tram-05-b,X03.bundle,固定点/1024 = 米,7.217,2.519,2.904,4096,300,256,16384,10,3,0,0,0,50
tram-05-c,X03.bundle,固定点/1024 = 米,3.534,2.519,5.286,4096,300,256,16384,4,3,0,0,0,50
tram-05-d,X03.bundle,固定点/1024 = 米,6.882,2.519,2.964,4096,300,256,16384,9,3,0,0,0,50
tram-06-a,X03.bundle,固定点/1024 = 米,7.261,2.518,3.121,4096,325,256,16384,8,3,570,0,145,55
tram-06-b,X03.bundle,固定点/1024 = 米,6.948,2.518,3.021,4096,325,256,16384,8,3,0,0,0,50
tram-06-c,X03.bundle,固定点/1024 = 米,4.603,2.498,5.38,4096,325,256,16384,6,3,0,0,0,50
tram-06-d,X03.bundle,固定点/1024 = 米,6.896,2.518,3.121,4096,325,256,16384,8,3,0,0,0,50
tram-07-a,X03.bundle,固定点/1024 = 米,9.099,2.545,3.227,4096,350,256,16384,9,2,540,0,115,80
tram-07-b,X03.bundle,固定点/1024 = 米,8.997,2.472,5.586,4096,350,256,16384,9,2,0,0,0,80
tram-07-c,X03.bundle,固定点/1024 = 米,8.599,2.545,3.227,4096,350,256,16384,9,2,0,0,0,80
tram-08,X03.bundle,固定点/1024 = 米,17.081,2.897,6.0,4096,425,256,16384,21,1,450,0,90,100
tram-09,X03.bundle,固定点/1024 = 米,14.995,2.661,6.129,4096,475,256,16384,17,1,390,0,85,75
tram-10-a,X06.bundle,固定点/1024 = 米,6.58,2.843,3.439,4096,325,256,16384,8,3,540,0,175,90
tram-10-b,X06.bundle,固定点/1024 = 米,8.064,2.696,3.439,4096,325,256,16384,8,3,0,0,0,50
tram-10-c,X06.bundle,固定点/1024 = 米,3.97,2.649,4.997,4096,325,256,16384,4,3,0,0,0,50
tram-10-d,X06.bundle,固定点/1024 = 米,8.064,2.696,3.439,4096,325,256,16384,8,3,0,0,0,50
tram-10-e,X06.bundle,固定点/1024 = 米,6.58,2.843,3.439,4096,325,256,16384,8,3,0,0,0,50
tram-11-a,X06.bundle,固定点/1024 = 米,14.309,2.753,5.388,4096,375,256,16384,15,3,630,0,105,95
tram-11-b,X06.bundle,固定点/1024 = 米,11.326,2.729,3.662,4096,375,256,16384,15,3,0,0,0,50
tram-11-c,X06.bundle,固定点/1024 = 米,14.308,2.753,3.662,4096,375,256,16384,15,3,0,0,0,50
tram-12-a,X07.bundle,固定点/1024 = 米,9.973,2.911,5.352,4096,475,256,16384,11,2,480,0,150,90
tram-12-b,X07.bundle,固定点/1024 = 米,8.104,2.5,3.662,4096,475,256,16384,10,2,0,0,0,50
tram-12-c,X07.bundle,固定点/1024 = 米,9.937,2.5,3.662,4096,475,256,16384,11,2,0,0,0,50
tram-13-a,X07.bundle,固定点/1024 = 米,6.32,2.359,4.795,4096,375,256,16384,6,2,420,0,140,85
tram-13-b,X07.bundle,固定点/1024 = 米,6.761,2.229,3.104,4096,375,256,16384,6,2,0,0,0,50
tram-13-c,X07.bundle,固定点/1024 = 米,3.495,2.238,3.104,4096,375,256,16384,6,2,0,0,0,50
tram-13-d,X07.bundle,固定点/1024 = 米,6.319,2.255,3.104,4096,375,256,16384,6,2,0,0,0,50
tram-14-a,X08.bundle,固定点/1024 = 米,9.477,2.779,5.442,4096,500,256,16384,20,3,360,0,180,60
tram-14-b,X08.bundle,固定点/1024 = 米,9.477,2.743,3.595,4096,500,256,16384,20,2,0,0,0,50
tram-15-a,X09.bundle,固定点/1024 = 米,6.8,2.664,3.164,4096,450,256,16384,8,2,300,0,80,50
tram-15-b,X09.bundle,固定点/1024 = 米,6.6,2.664,3.164,4096,450,256,16384,8,2,0,0,0,50
tram-15-c,X09.bundle,固定点/1024 = 米,3.899,2.664,4.74,4096,450,256,16384,2,2,0,0,0,50
tram-15-d,X09.bundle,固定点/1024 = 米,6.8,2.664,3.164,4096,450,256,16384,8,2,0,0,0,50
trolley-01-a,Player.bundle,固定点/1024 = 米,9.152,3.474,3.271,4096,450,384,25000,15,3,480,0,100,40
trolley-01-b,Player.bundle,固定点/1024 = 米,6.017,3.082,5.518,4096,450,384,25000,7,2,0,0,0,40
trolley-01-c,Player.bundle,固定点/1024 = 米,6.628,3.082,3.275,4096,450,384,25000,8,2,0,0,0,40
trolley-02-a,Player.bundle,固定点/1024 = 米,9.351,3.112,3.22,4096,550,384,25000,10,2,420,0,120,80
trolley-02-b,Player.bundle,固定点/1024 = 米,7.849,2.609,5.489,4096,550,384,25000,10,2,0,0,0,80
trolley-03-a,X01.bundle,固定点/1024 = 米,9.764,2.483,3.719,4096,500,384,25000,12,2,360,0,130,55
trolley-03-b,X01.bundle,固定点/1024 = 米,8.389,2.483,5.489,4096,500,384,25000,12,2,0,0,0,55
trolley-04-a,X05.bundle,固定点/1024 = 米,10.234,2.958,3.592,4096,425,384,25000,10,3,540,0,150,60
trolley-04-b,X05.bundle,固定点/1024 = 米,7.28,2.628,5.489,4096,425,384,25000,10,3,0,0,0,50
trolley-05,X05.bundle,固定点/1024 = 米,10.512,3.166,5.499,4096,450,384,25000,35,3,510,0,110,90
trolley-06-a,X05.bundle,固定点/1024 = 米,8.566,3.147,3.307,4096,450,384,25000,13,2,420,0,120,95
trolley-06-b,X05.bundle,固定点/1024 = 米,6.708,2.709,5.489,4096,450,384,25000,13,2,0,0,0,50
trolley-07,X05.bundle,固定点/1024 = 米,12.061,3.365,5.489,4096,525,384,25000,19,1,390,0,90,60
trolley-08-a,X05.bundle,固定点/1024 = 米,9.346,3.125,3.6,4096,550,384,25000,10,1,390,0,110,75
trolley-08-b,X05.bundle,固定点/1024 = 米,6.825,2.591,5.489,4096,550,384,25000,5,1,0,0,0,50
trolley-09-a,X06.bundle,固定点/1024 = 米,11.431,2.567,3.903,4096,400,384,25000,15,3,390,0,90,65
trolley-09-b,X06.bundle,固定点/1024 = 米,8.652,2.567,4.078,4096,400,384,25000,10,3,0,0,0,50
trolley-09-c,X06.bundle,固定点/1024 = 米,7.204,2.567,5.485,4096,400,384,25000,10,3,0,0,0,50
trolley-10,X07.bundle,固定点/1024 = 米,13.099,3.357,5.49,4096,600,384,25000,13,1,420,0,95,90
waterbus-01,Player.bundle,固定点/1024 = 米,29.928,7.0,3.044,5000,500,512,20000,50,3,540,120,0,50
waterbus-02,Player.bundle,固定点/1024 = 米,21.435,6.483,7.201,5000,800,512,20000,30,1,480,140,0,80
waterbus-03,X01.bundle,固定点/1024 = 米,22.134,9.869,6.178,5000,750,512,20000,25,1,420,100,0,90
waterbus-04,X04.bundle,固定点/1024 = 米,22.801,5.615,7.39,5000,500,512,20000,60,3,480,145,0,75
waterbus-05,X04.bundle,固定点/1024 = 米,19.913,6.738,6.249,5000,550,512,20000,66,3,570,170,0,60
waterbus-06,X04.bundle,固定点/1024 = 米,21.38,9.084,6.268,5000,800,512,20000,36,2,480,100,0,75
waterbus-07,X04.bundle,固定点/1024 = 米,21.564,7.732,9.37,5000,650,512,20000,48,2,450,150,0,70
waterbus-08,X04.bundle,固定点/1024 = 米,21.902,7.105,2.6,5000,700,512,20000,24,1,450,90,0,100
waterbus-09,X06.bundle,固定点/1024 = 米,25.89,8.124,7.242,5000,750,512,20000,34,2,480,90,0,90
waterbus-10,X07.bundle,固定点/1024 = 米,25.357,7.11,4.955,5000,850,512,20000,54,3,420,150,0,95
